id,name,lastName,price,flycode,typePassenger,statusFlight
1,Cherry,Frapwell,92911,FLWw63,ExecutiveClass,Aterrizado
2,Shem,MacCardle,84102,iPoQ89,EconomyClass,Aterrizado
3,Adriana,Pridgeon,61719,BEPK21,EconomyClass,Demorado
4,Brandie,Langcaster,80576,PVIP93,ExecutiveClass,En Vuelo
5,Phyllys,Elderbrant,25648,Hura12,EconomyClass,Aterrizado
6,Garry,Garfield,50678,POBq94,ExecutiveClass,En Horario
7,Benedicto,Creany,59930,CdfH63,FirstClass,Demorado
8,Anitra,Grinval,36445,bGRQ48,EconomyClass,En Vuelo
9,Lewie,Warbey,27978,rvAo81,FirstClass,Aterrizado
10,Harman,Bernolet,79609,asXK28,FirstClass,En Horario
11,Courtnay,Torra,18411,afLV47,ExecutiveClass,En Horario
12,Winfred,Dodswell,19218,txKa60,EconomyClass,Aterrizado
13,Rogerio,Ughetti,74632,64Vb58,ExecutiveClass,En Horario
14,Garek,Skures,17328,idbo95,FirstClass,En Horario
15,Alonzo,Halson,45706,dnec01,FirstClass,Aterrizado
16,Geneva,Kinastan,69524,lR4C69,ExecutiveClass,En Horario
17,Devin,Kenney,51691,ikCZ01,ExecutiveClass,Demorado
18,Violante,McTaggart,27538,cAQr45,EconomyClass,Aterrizado
19,Cariotta,Fero,91419,n88y05,EconomyClass,En Vuelo
20,Keane,Bramstom,84728,B3Lx47,FirstClass,Demorado
21,Dal,McKirdy,13277,EWYb13,EconomyClass,Aterrizado
22,Sterling,Tregidga,39342,YdC321,FirstClass,En Horario
23,Jeni,Beane,60017,JoN521,EconomyClass,En Horario
24,Greggory,Reuble,41173,PLwn93,EconomyClass,Demorado
25,Micaela,Penvarne,56237,AaVC60,EconomyClass,Demorado
26,Hildy,Gatcliff,42796,aEqH32,FirstClass,Demorado
27,Timoteo,O'Cahill,39097,bmam51,FirstClass,En Horario
28,Cristie,Tower,90474,HcnZ33,FirstClass,En Horario
29,Stephie,Foye,84584,qnsU36,EconomyClass,En Vuelo
30,Crosby,Conlon,37532,cnZ015,FirstClass,En Vuelo
31,Sharleen,Moxstead,42397,EOz070,ExecutiveClass,En Horario
32,Tadio,Moretto,27007,8zzZ01,EconomyClass,Aterrizado
33,Georgie,Fellowes,12072,f8ea36,EconomyClass,Aterrizado
34,Reta,Danell,26358,mme632,ExecutiveClass,Aterrizado
35,Kynthia,Ellings,65324,5r6o15,ExecutiveClass,En Horario
36,Kelsi,Inchan,98332,23sW93,FirstClass,En Vuelo
37,Melinde,Pryor,16819,VNOv94,EconomyClass,Demorado
38,Cordelie,Rowbrey,78096,LKNU52,EconomyClass,Aterrizado
39,Erda,Lisciardelli,87056,cCAo80,FirstClass,En Horario
40,Drew,Falconar,24202,Etmb17,FirstClass,En Horario
41,Joana,Jerosch,27737,dU2702,FirstClass,Aterrizado
42,Shamus,Di Ruggiero,67090,1GR495,FirstClass,Aterrizado
43,Lucina,Ibeson,64809,7iIL48,EconomyClass,En Horario
44,Raimundo,Dymock,10453,1MTm77,FirstClass,En Horario
45,Johannes,McBain,74745,gQ8a93,FirstClass,Demorado
46,Lillian,Marcone,18395,xrbB60,ExecutiveClass,En Horario
47,Myles,Phinnessy,56822,zhk136,FirstClass,En Horario
48,Mendel,Totton,36039,OeW997,EconomyClass,En Vuelo
49,Adair,Balfour,34801,YkoY06,EconomyClass,En Horario
50,Gavan,Gluyas,39367,wBu216,FirstClass,Aterrizado
51,My,Tenney,79719,6gKW85,FirstClass,En Vuelo
52,Marlon,De Paoli,18169,L3LX97,FirstClass,Demorado
53,Kelsey,Tregiddo,24879,7nhV74,ExecutiveClass,Aterrizado
54,Rice,Rolance,53447,8zeb67,FirstClass,En Horario
55,Leif,covino,56991,RWNZ10,ExecutiveClass,En Vuelo
56,Emelda,Bolt,55648,EsiT40,FirstClass,Aterrizado
57,Ariella,Elmore,11514,xgxv88,ExecutiveClass,Aterrizado
58,Tiphany,Wicks,67209,DP1j68,ExecutiveClass,En Horario
59,Quent,Vernazza,74458,FbgC69,FirstClass,Aterrizado
60,Rheba,Longthorne,56276,Hz7z70,FirstClass,En Vuelo
61,Madelaine,Blanko,41664,nCAY67,FirstClass,En Vuelo
62,Hoyt,Vlasov,34949,xIJU71,EconomyClass,En Horario
63,Sosanna,Kindred,97782,s5yr05,ExecutiveClass,En Vuelo
64,Renelle,Lyster,67410,o7l942,FirstClass,Aterrizado
65,Cirilo,Ollie,65084,rMnt25,ExecutiveClass,En Horario
66,Hewet,Willimont,43391,nYuL27,ExecutiveClass,En Horario
67,Jacquelyn,Wenham,70974,Yfzu43,EconomyClass,En Horario
68,Glennie,Golsby,64192,mfJJ15,EconomyClass,En Vuelo
69,Gaby,Gorstidge,51225,JiHc81,EconomyClass,En Vuelo
70,Lynea,Glencros,15568,sJan00,ExecutiveClass,Demorado
71,Merwin,Shiels,42084,fBlp36,EconomyClass,Demorado
72,Helga,Fydoe,74005,Ozib50,EconomyClass,En Horario
73,Corny,Oseman,70097,bibq13,EconomyClass,En Horario
74,Jocelyne,Laurant,92267,ECtM25,FirstClass,En Vuelo
75,Ciel,Terlinden,54743,qDHZ48,ExecutiveClass,Aterrizado
76,Hatti,Varden,17620,RO1Y29,FirstClass,En Horario
77,Atlanta,Helis,81834,a52251,ExecutiveClass,En Vuelo
78,Querida,Rubinow,42291,jQDR08,ExecutiveClass,En Vuelo
79,Evaleen,Juleff,21925,TSkd19,ExecutiveClass,Demorado
80,Stevena,Jouhning,70302,PxxT78,FirstClass,En Horario
81,Angy,Dunthorne,51353,X0SW21,ExecutiveClass,Demorado
82,Allan,Aitkin,45185,aqXq11,ExecutiveClass,Aterrizado
83,Bondon,Kingsley,50218,tZiM12,ExecutiveClass,En Horario
84,Deerdre,Goublier,25489,Uvjf39,EconomyClass,En Vuelo
85,Elwyn,Caseri,74768,SHFH74,ExecutiveClass,En Vuelo
86,Kellia,Salleir,19472,XF0F50,EconomyClass,En Vuelo
87,Valera,Barge,87275,26S416,ExecutiveClass,Aterrizado
88,Phillida,Southernwood,59103,XfBb73,FirstClass,En Vuelo
89,Dewitt,Bloxham,64163,ebcA32,ExecutiveClass,Demorado
90,Devinne,Cashell,81297,5tFi09,FirstClass,En Vuelo
91,Dalston,Killingbeck,66284,6AN022,EconomyClass,Demorado
92,Flory,Rings,48686,5WZs00,EconomyClass,Demorado
93,Kaitlynn,Kingsman,51751,BC9723,FirstClass,Aterrizado
94,Thomasina,de Quesne,94484,wuRG54,EconomyClass,En Horario
95,Lora,Torra,56572,YLLW92,FirstClass,Demorado
96,Sharona,Caustic,87573,jwSd30,ExecutiveClass,Demorado
97,Robinett,Laffan,44651,NDcm83,FirstClass,Demorado
98,Rodi,Cuer,31153,z4gw41,EconomyClass,En Vuelo
99,Luelle,Frowen,27929,JPqc25,FirstClass,Aterrizado
100,Hymie,Kingsnod,54592,fC4C77,EconomyClass,Demorado
101,Walther,Lascelles,17791,iHch17,ExecutiveClass,En Vuelo
102,Tam,Nickolls,76714,STPw78,EconomyClass,En Horario
103,Elora,Fortey,14345,PUK393,EconomyClass,En Vuelo
104,Pasquale,Dowthwaite,45192,dWPt19,EconomyClass,Demorado
105,Glynn,Neggrini,41264,LNON07,FirstClass,Aterrizado
106,Tate,Pitsall,50194,UwOV38,FirstClass,En Horario
107,Adam,Ney,29806,u1hW54,FirstClass,Demorado
108,Garek,Hiscocks,77997,BmcZ16,FirstClass,Aterrizado
109,Alyss,Mordecai,71327,fy3l39,FirstClass,En Horario
110,Shannon,Hadwick,60008,9cO369,FirstClass,Demorado
111,Jereme,Marshallsay,88408,z7SY29,EconomyClass,En Horario
112,Natale,Townley,83135,GUYl65,FirstClass,En Horario
113,Phoebe,Guisot,37796,OlBj40,ExecutiveClass,Aterrizado
114,Ive,Tarbert,54061,Fyrq27,FirstClass,Aterrizado
115,Edwina,Huscroft,54203,KTRm25,EconomyClass,Aterrizado
116,Vilma,Binham,69326,1tHY91,EconomyClass,En Horario
117,Jill,Dmitrienko,84305,Ro4Q81,EconomyClass,Aterrizado
118,Noak,Rosenauer,64307,TUEz29,ExecutiveClass,En Horario
119,Carmelina,MacGahey,88450,R9pu72,EconomyClass,En Vuelo
120,Avrom,Liggins,55046,VRdG46,ExecutiveClass,Aterrizado
121,Elizabet,Ghiraldi,73779,WtSq48,ExecutiveClass,En Horario
122,Josh,Goff,49529,75cg93,ExecutiveClass,Aterrizado
123,Alwyn,Massy,34991,aU8s32,ExecutiveClass,Aterrizado
124,Rorke,Larkworthy,20650,DxLv34,ExecutiveClass,Demorado
125,Diandra,Doubrava,10843,6U1c11,FirstClass,En Vuelo
126,Lexy,Liepina,51128,Pajf36,FirstClass,En Horario
127,Xylina,Jersh,55725,G7IQ12,EconomyClass,En Vuelo
128,Margarita,Fagge,44994,W8sX67,EconomyClass,Demorado
129,Lanie,Cressey,11719,QM2M52,FirstClass,En Horario
130,Ware,Hardingham,97183,y7Aw39,ExecutiveClass,En Horario
131,Valle,Pichan,11377,DZ7189,EconomyClass,Demorado
132,Magnum,Spellecy,10776,CKa203,FirstClass,En Horario
133,Fred,Mitchinson,60211,P4o725,FirstClass,Aterrizado
134,Flin,Blint,30236,4RHU90,FirstClass,En Horario
135,Cinnamon,Durban,44318,BJsm86,EconomyClass,En Vuelo
136,Jacobo,Disdel,43441,sTl775,FirstClass,Demorado
137,Adair,Donlon,97883,J7i027,ExecutiveClass,En Vuelo
138,Madelena,Bierman,41715,1SuN95,FirstClass,En Vuelo
139,Jaclyn,Befroy,61550,dL2T56,EconomyClass,Demorado
140,Nonie,Hooban,81159,ohm081,EconomyClass,Demorado
141,Frederico,Farfoot,14347,oMXw54,ExecutiveClass,En Vuelo
142,Gwyneth,Labden,26177,sztf98,EconomyClass,Demorado
143,Cyrille,Hardstaff,68076,0Ghr11,EconomyClass,Demorado
144,Ash,Widdowes,48532,r46H62,FirstClass,En Vuelo
145,Leola,Fowls,19138,DMzv09,ExecutiveClass,En Vuelo
146,Susana,Sparling,30641,JtAJ39,EconomyClass,En Horario
147,Farlie,Caps,82529,mafa36,ExecutiveClass,Demorado
148,Granville,Mixon,32419,ncab21,ExecutiveClass,Aterrizado
149,Paxon,Lloyd-Williams,43260,PpR213,ExecutiveClass,Demorado
150,Ebenezer,Cowlishaw,96749,l6an47,ExecutiveClass,En Vuelo
151,Kaiser,Given,18631,gUPP95,FirstClass,En Vuelo
152,Abram,Black,11252,7lft88,FirstClass,En Horario
153,Jocelin,MacGrath,20689,j6en31,ExecutiveClass,En Horario
154,Camilla,Debrett,33424,bHgn82,EconomyClass,En Horario
155,Bartlett,Martschik,39348,rdBj04,EconomyClass,Aterrizado
156,Jesus,Folonin,26152,K2Yl02,FirstClass,En Horario
157,Tabor,Hyams,96626,9D3h73,EconomyClass,En Horario
158,Margret,Wabe,26643,opRA33,ExecutiveClass,En Horario
159,Tammie,Canto,46433,rBHx38,FirstClass,En Vuelo
160,Griselda,Millberg,93920,Prvc34,ExecutiveClass,En Vuelo
161,Trstram,Kemwall,91823,oBAa04,ExecutiveClass,En Vuelo
162,Correy,Asken,10483,pjkf73,FirstClass,En Horario
163,Reinwald,Syce,34499,mU3125,FirstClass,En Vuelo
164,Arty,Bedborough,82017,E16692,ExecutiveClass,En Horario
165,Freeland,Wrassell,24692,8LHE18,ExecutiveClass,Demorado
166,Jonis,Espinosa,43676,Wo9R88,ExecutiveClass,Demorado
167,Raynor,Stonhard,46324,kU9Y24,EconomyClass,En Horario
168,Edvard,Yakhin,27735,kvUr72,FirstClass,Demorado
169,Janina,Elfleet,41769,ZfHW96,EconomyClass,Demorado
170,Kevina,Jeremiah,50482,oia170,ExecutiveClass,Aterrizado
171,Megen,Artist,71980,DMFj40,EconomyClass,Aterrizado
172,Ly,Suggett,43378,b2Ub87,EconomyClass,En Horario
173,Wallis,Howford,66677,nDIr80,ExecutiveClass,En Horario
174,Giffy,Ozintsev,71622,11tb71,EconomyClass,Aterrizado
175,Janice,Branscombe,19987,Dy5413,EconomyClass,Demorado
176,Anallise,Duester,13860,Ata018,EconomyClass,En Horario
177,Say,Farnes,70838,DNJQ91,FirstClass,En Horario
178,Orly,Robertz,75519,mh2825,EconomyClass,En Horario
179,Sabra,Veck,53248,otoL15,FirstClass,En Vuelo
180,Murray,Tatem,61400,59Bz43,FirstClass,Aterrizado
181,Kala,Trail,31838,EMf992,ExecutiveClass,Demorado
182,Fulvia,Halston,95017,pJ7c16,EconomyClass,Aterrizado
183,Bevvy,Ganing,96651,uqQP13,FirstClass,Demorado
184,Jenny,Tett,35111,lcPB25,FirstClass,En Horario
185,Bobbi,Troak,75283,QSdb98,EconomyClass,En Vuelo
186,Nick,Over,44113,hqdt01,EconomyClass,Demorado
187,Bil,Yapp,30157,sxRc11,ExecutiveClass,En Vuelo
188,Zonnya,Baumford,39507,ePe658,ExecutiveClass,Aterrizado
189,Terrye,Sterman,44833,JNf144,EconomyClass,En Horario
190,Prentice,Malia,10675,b5t060,ExecutiveClass,En Horario
191,Darsey,Trillo,97358,VAYF45,FirstClass,En Horario
192,Karolina,Sparkwill,12921,sLYt50,FirstClass,En Vuelo
193,Herman,Males,60526,vUdd63,ExecutiveClass,Demorado
194,Maude,Jaquest,97603,gbpJ19,ExecutiveClass,Aterrizado
195,Cortney,Dawtre,31727,2mrv54,EconomyClass,En Vuelo
196,Reyna,Button,93358,X9m112,FirstClass,En Vuelo
197,Chrysa,Sandercroft,69307,zdBK36,FirstClass,Aterrizado
198,Kym,Pettigrew,20566,hrLi58,FirstClass,En Horario
199,Delly,Lubomirski,71841,IdZD97,FirstClass,En Horario
200,Sibylle,Serman,61918,0HYC81,FirstClass,En Vuelo
201,Jared,Dow,15814,0YFE34,ExecutiveClass,Demorado
202,Friedrich,Kettow,45449,s8oE23,ExecutiveClass,En Vuelo
203,Dacie,Cullinan,31549,Oe7L54,ExecutiveClass,Demorado
204,Forrest,Beall,32958,FZvB42,FirstClass,En Vuelo
205,Elston,Kruschev,42537,ebTK31,FirstClass,Demorado
206,Larisa,Molson,11354,0fCJ09,FirstClass,Aterrizado
207,Tibold,Goney,29520,X4ys42,EconomyClass,Aterrizado
208,Alicea,Drejer,19906,F09S60,FirstClass,En Vuelo
209,Sandy,Louthe,54445,8z1p88,FirstClass,En Vuelo
210,Carmella,Milnes,24187,sLl777,FirstClass,En Horario
211,Trixy,Whitfeld,14346,pOJi29,ExecutiveClass,En Vuelo
212,Stafford,Coker,91735,9sgy79,ExecutiveClass,En Vuelo
213,Lizabeth,Thwaite,94557,G2Co78,FirstClass,Demorado
214,Jaye,Harkness,27206,MAW829,EconomyClass,Aterrizado
215,Giordano,Tomeo,88403,Jcu887,EconomyClass,Aterrizado
216,Garth,McPhater,89344,9PrP49,ExecutiveClass,En Horario
217,Stavros,Landsberg,59942,IpR257,FirstClass,En Vuelo
218,Wenona,Sedcole,84634,c3yB27,EconomyClass,En Vuelo
219,Karlotta,Thunderchief,30677,tlsD75,ExecutiveClass,En Vuelo
220,Raven,Doreward,53063,9TXO85,EconomyClass,En Horario
221,Debi,Garratt,55675,JKeZ98,EconomyClass,Aterrizado
222,Ian,Formigli,93481,Khj030,EconomyClass,En Horario
223,Brett,Dimic,39619,fxpY06,EconomyClass,En Vuelo
224,Dorey,Cabera,48595,8T3D42,ExecutiveClass,En Vuelo
225,Sara-ann,Samsin,85946,KSeU19,ExecutiveClass,En Vuelo
226,Herculie,Maude,65286,W75i48,EconomyClass,Aterrizado
227,Danita,Bartot,78684,EBIy99,ExecutiveClass,Demorado
228,Mordy,Sennett,81540,n5G488,EconomyClass,En Vuelo
229,Dene,Lowell,51668,YX8Z45,FirstClass,En Vuelo
230,Marthe,Lavallin,21022,Gr5471,ExecutiveClass,En Horario
231,Madalyn,Caspell,29114,Z9L049,FirstClass,Demorado
232,Angelique,Beyne,47090,ILt966,EconomyClass,En Horario
233,Lay,Sloan,59061,GssL85,FirstClass,Aterrizado
234,Bari,Fernan,87309,WJdu62,ExecutiveClass,En Horario
235,Marcelo,Dockree,40233,4bBv35,EconomyClass,En Horario
236,Stirling,Geyton,83540,NM1L07,ExecutiveClass,Aterrizado
237,Christoffer,Twells,75682,hKZd33,FirstClass,En Vuelo
238,Niall,Borrowman,47684,EthD21,EconomyClass,Aterrizado
239,Reiko,Faley,21281,OYJO31,ExecutiveClass,En Vuelo
240,George,Levis,34937,nIZ374,FirstClass,Demorado
241,Travus,Klageman,39834,xQ5V65,FirstClass,Demorado
242,Bent,Soanes,29508,XDij19,EconomyClass,En Horario
243,Cariotta,Dugan,24250,UdCO48,ExecutiveClass,En Vuelo
244,Barny,Giacobo,52388,GSiO61,FirstClass,En Horario
245,Atlanta,Lauder,18429,m1ko34,FirstClass,Aterrizado
246,Brigid,Oldham,67388,tBNj98,ExecutiveClass,En Vuelo
247,Reginauld,Shorter,65176,Lxuu18,EconomyClass,En Horario
248,Nathalie,Mussett,79216,g29467,EconomyClass,Aterrizado
249,Thibaut,Stuffins,98549,oIPY84,ExecutiveClass,En Horario
250,Kara,Tegler,83039,B62L99,ExecutiveClass,En Horario
251,Doro,Jamison,32115,gyhX08,FirstClass,Aterrizado
252,Ronny,Florentine,29824,TOzS10,EconomyClass,Aterrizado
253,Filmer,Mussared,95189,vVk825,ExecutiveClass,En Vuelo
254,Albert,Bryson,16478,QjpE48,ExecutiveClass,En Vuelo
255,Dre,O' Donohoe,61119,p2zF10,EconomyClass,En Vuelo
256,Mel,Wordington,71457,j3XH60,FirstClass,Demorado
257,Dyann,Fields,79221,M6qs41,EconomyClass,En Vuelo
258,Basil,Heal,50477,YyT358,EconomyClass,En Vuelo
259,Dean,Morrad,29232,M43s78,ExecutiveClass,Demorado
260,Brantley,Gabby,71168,XY4y95,FirstClass,En Vuelo
261,Lacee,Deards,43465,YcXD31,ExecutiveClass,Aterrizado
262,Drusilla,Burling,86223,tR0n37,EconomyClass,En Horario
263,Carmita,Bras,61794,jKvc91,EconomyClass,En Horario
264,Burton,Points,89078,xc1599,ExecutiveClass,En Vuelo
265,Annadiane,Rosenhaus,81263,LNNl51,ExecutiveClass,Demorado
266,Filippa,De Freyne,51536,MaE774,FirstClass,En Horario
267,Valaria,Kington,76324,0xGZ38,ExecutiveClass,En Horario
268,Candice,O'Nions,88527,b0Dz77,ExecutiveClass,En Horario
269,Peri,Lardner,30237,y6CA66,EconomyClass,En Vuelo
270,Brandyn,Elden,43421,lUPx19,EconomyClass,Demorado
271,Lemuel,Warbrick,30429,QnFI17,EconomyClass,En Horario
272,Dexter,Cubbini,60302,hvX393,EconomyClass,Aterrizado
273,Carlee,Evensden,21065,EtmK92,EconomyClass,Aterrizado
274,Barbee,Bonsul,49685,5buH01,ExecutiveClass,En Vuelo
275,Garfield,Fortnam,46040,jbUT57,EconomyClass,En Horario
276,Alexandra,Ramsdell,31164,fsRZ06,FirstClass,Demorado
277,Wendall,Lamprey,89917,9TKF78,FirstClass,Demorado
278,Melody,McCready,58685,NyxP49,ExecutiveClass,Aterrizado
279,Courtnay,Harrold,33655,rvva64,FirstClass,Demorado
280,Ingaborg,Dockree,95912,KKH648,FirstClass,En Vuelo
281,Kameko,Dominico,41433,W5zI11,EconomyClass,En Vuelo
282,Yorke,Klaves,21529,dzG532,ExecutiveClass,Demorado
283,Hilary,Wickwar,40983,JOpO76,EconomyClass,Demorado
284,Drucie,Janisson,60324,LRWh49,FirstClass,Aterrizado
285,Jordanna,Boncoeur,44446,6uKn61,ExecutiveClass,Aterrizado
286,Cornelius,Dionsetti,68640,PeXe00,ExecutiveClass,En Horario
287,Nada,MacTague,47237,kEzx06,FirstClass,Demorado
288,Derry,Lawlor,63644,dkVB29,EconomyClass,Aterrizado
289,Lars,Kingzeth,38723,juCc64,EconomyClass,En Vuelo
290,Daria,Adkins,45995,3WFZ51,FirstClass,En Horario
291,Maryrose,Leyes,29744,I8Fk88,ExecutiveClass,Aterrizado
292,Malia,Rutherforth,44495,Igv927,EconomyClass,Aterrizado
293,Agosto,Dyas,76840,f5QH54,ExecutiveClass,Aterrizado
294,Kim,Joule,90019,pHWK66,ExecutiveClass,En Horario
295,Nick,Davsley,50976,Zykt53,EconomyClass,Demorado
296,Bobby,Pendlenton,21589,CemW08,EconomyClass,Aterrizado
297,Cris,Proffer,80556,3Udd76,EconomyClass,En Horario
298,Curcio,Driuzzi,70360,2lau91,EconomyClass,Aterrizado
299,Bastien,Menico,45753,yhik38,EconomyClass,En Vuelo
300,Angelico,Mereweather,24591,i2ov47,EconomyClass,En Vuelo
301,Giacomo,Broker,11267,7AHp57,ExecutiveClass,En Horario
302,Erika,Penner,43896,DMan68,ExecutiveClass,Aterrizado
303,Jillene,Loadsman,50543,M6xE74,FirstClass,En Horario
304,Nathalia,Dexter,73898,3ybp25,ExecutiveClass,Aterrizado
305,Nan,Sydes,31186,Pund53,EconomyClass,Demorado
306,Sallee,Stamp,48065,sj7M22,ExecutiveClass,Demorado
307,Christabella,Middas,87671,LnWN70,EconomyClass,Demorado
308,Garry,Beddard,32430,vDt021,FirstClass,En Vuelo
309,Trudi,Larver,20811,kHUr00,EconomyClass,En Horario
310,Candi,Gauson,94425,Bihy29,EconomyClass,Demorado
311,Welsh,Sieghard,91216,kB0771,FirstClass,Demorado
312,Bab,Stidson,92500,CSYw80,EconomyClass,En Horario
313,Chan,Davidovic,58103,n1AX60,ExecutiveClass,Demorado
314,Vitia,Bullene,31712,bcTA40,EconomyClass,Demorado
315,Agathe,Gantlett,67606,bG3W69,FirstClass,Demorado
316,Ainsley,Aikin,84800,qzZ932,FirstClass,Aterrizado
317,Aldon,Rollins,29106,t3k804,ExecutiveClass,En Vuelo
318,Cortie,Goldsby,42375,Lbhq17,EconomyClass,En Vuelo
319,Cara,Skeat,72818,b43G13,ExecutiveClass,Aterrizado
320,Brear,Mozzetti,86239,MwO828,ExecutiveClass,En Vuelo
321,Joelly,Halbord,33894,O3hS55,EconomyClass,Demorado
322,Karen,Gadsdon,68478,ozcl59,EconomyClass,Demorado
323,Veda,Westoll,62975,GZkx59,EconomyClass,En Vuelo
324,Helyn,Goodburn,78769,Cd5j22,EconomyClass,Aterrizado
325,Ariel,Sonschein,19887,69rQ58,EconomyClass,Demorado
326,Lotti,Speachley,79278,QGlq77,FirstClass,En Vuelo
327,Bryan,Glandfield,88639,JDw086,FirstClass,Demorado
328,Vinny,Selbie,23202,Wu0I35,ExecutiveClass,En Vuelo
329,Lusa,Duddridge,25852,NEGR30,EconomyClass,Demorado
330,Dante,Arton,15256,kBDt79,EconomyClass,En Horario
331,Norma,Jorcke,31362,8b4K11,ExecutiveClass,Aterrizado
332,Giacomo,Hendonson,11598,8U7Y35,FirstClass,En Horario
333,Noe,Flaubert,42182,nYWB22,ExecutiveClass,Aterrizado
334,Sallee,Livingston,67604,mJ6s31,ExecutiveClass,En Vuelo
335,Renard,Bittleson,24479,vPbx87,ExecutiveClass,En Horario
336,Ferdie,Fackney,77056,AQNe30,ExecutiveClass,Demorado
337,Wini,Ashplant,52307,Q2ef15,ExecutiveClass,En Horario
338,Sebastian,Drewes,70835,cB4t82,EconomyClass,En Horario
339,Kath,O'Collopy,55842,KyFV46,FirstClass,En Horario
340,Stephannie,Tanslie,97181,cpTK88,EconomyClass,En Horario
341,Chandler,Worvell,96803,84Hj27,ExecutiveClass,Aterrizado
342,Kim,Cullinan,19605,eqek91,ExecutiveClass,En Vuelo
343,Jonell,Magrane,49202,pjkY11,ExecutiveClass,Aterrizado
344,Norean,Logesdale,44014,nO7u65,EconomyClass,Demorado
345,Jemima,Ammer,12651,jzOx89,FirstClass,En Vuelo
346,Tate,Batchelar,82971,LUT622,FirstClass,Aterrizado
347,Mirelle,McAline,32783,uJEP79,EconomyClass,En Vuelo
348,Edgard,Wyd,74677,EyDz73,FirstClass,Aterrizado
349,Decca,Feldhammer,82695,O6YI82,FirstClass,En Vuelo
350,Northrup,Banane,44030,nw6d97,EconomyClass,Demorado
351,Lyn,Whardley,23789,sRVg46,FirstClass,En Vuelo
352,Steven,Wanderschek,93403,Itgq20,ExecutiveClass,Aterrizado
353,Lucinda,Bampkin,66000,Skm922,ExecutiveClass,En Horario
354,Kata,Tyers,81129,8JBI39,ExecutiveClass,Aterrizado
355,Stephan,Wiersma,66690,Dd0n09,ExecutiveClass,Aterrizado
356,Reine,Mullender,30339,6hQ258,FirstClass,Demorado
357,Melicent,Corstan,59663,622256,EconomyClass,Demorado
358,Reinald,Hatliffe,15630,9fEP13,EconomyClass,Demorado
359,Marlow,Gobourn,53214,k6oX42,ExecutiveClass,En Vuelo
360,Giovanni,Beining,84529,dhz470,EconomyClass,Aterrizado
361,Sonya,Causon,68313,x6yR49,FirstClass,En Horario
362,Rowland,McAline,44921,cAXr99,ExecutiveClass,En Vuelo
363,Amble,Sowerby,14370,pTrg81,EconomyClass,En Horario
364,Clayson,Dove,74260,OijS94,FirstClass,En Horario
365,Enoch,Swigger,47497,DGQl27,EconomyClass,En Vuelo
366,Theadora,Oakhill,76636,P8a325,ExecutiveClass,Aterrizado
367,Alvera,Wilfling,79178,YpSI63,FirstClass,Demorado
368,Madelle,Shrimpling,83002,itOk08,EconomyClass,Demorado
369,Celeste,Durtnal,19618,8ySU35,FirstClass,Demorado
370,Patrice,Westmarland,54352,Xa1588,EconomyClass,En Horario
371,Udall,Seathwright,93265,easI52,FirstClass,En Horario
372,Pippy,Theobald,51116,abVG06,ExecutiveClass,En Horario
373,Ephrem,Laverick,53109,aizB48,ExecutiveClass,Demorado
374,Renault,Michelotti,62906,6Fuz35,ExecutiveClass,Demorado
375,Andrea,Goodier,21615,Y83D29,EconomyClass,En Horario
376,Faydra,Shury,45105,8QOU11,ExecutiveClass,Demorado
377,Jon,Bellwood,27430,tYIm61,ExecutiveClass,En Vuelo
378,Judy,Baraclough,44495,cJlB43,EconomyClass,Aterrizado
379,Alec,Lingfoot,50774,b9FG01,ExecutiveClass,En Vuelo
380,Tonye,Divina,58617,bS3A43,FirstClass,Aterrizado
381,Junina,Von Welden,57044,W4Ur47,EconomyClass,En Vuelo
382,Bradan,Embery,52978,beot78,EconomyClass,En Vuelo
383,Chelsey,Francescozzi,83639,WTL058,ExecutiveClass,En Vuelo
384,Lotta,Darragh,80192,FtaE39,FirstClass,Aterrizado
385,Cordelia,Vaughn,72218,QCTV19,EconomyClass,En Horario
386,Jenelle,Martinat,20974,EGxp46,FirstClass,En Horario
387,Tess,Petkov,45640,9wWZ08,EconomyClass,En Horario
388,Konstance,Riall,51323,yCyo58,EconomyClass,En Vuelo
389,Bertie,Haszard,61662,gL4O77,ExecutiveClass,En Vuelo
390,Sydney,McColley,30040,ql3117,FirstClass,Aterrizado
391,Rafaelia,Newhouse,97866,tLtf60,FirstClass,Demorado
392,Roderich,Gaspero,47337,iV7z33,FirstClass,En Horario
393,Melessa,Tallant,26575,eQoe09,FirstClass,En Vuelo
394,Jeanie,Isack,62997,uCKL40,FirstClass,Demorado
395,Gennifer,Kensy,70404,VFwO90,ExecutiveClass,Aterrizado
396,Alden,Grier,77303,VvAU11,FirstClass,En Vuelo
397,Clemente,Broke,79557,dW2050,ExecutiveClass,Aterrizado
398,Lucy,Fretson,74389,Wneh28,ExecutiveClass,En Vuelo
399,Ailis,Blaxland,75269,zht863,FirstClass,En Horario
400,Maison,Norledge,10261,yrjf92,FirstClass,En Horario
401,Charisse,Aiers,76944,8jyc85,ExecutiveClass,En Horario
402,Mose,Lucock,15662,6yU445,ExecutiveClass,En Horario
403,Latashia,Selkirk,85446,YF8F16,EconomyClass,Aterrizado
404,Mycah,Hankard,78574,WQRi88,ExecutiveClass,En Vuelo
405,Ibby,Mowett,81131,yutH28,ExecutiveClass,En Horario
406,Fanchon,Dandison,10723,MrpR93,ExecutiveClass,En Vuelo
407,Parke,Pirelli,67702,Vnje28,EconomyClass,En Horario
408,Ailsun,Francescozzi,70094,EMxv48,FirstClass,En Vuelo
409,Roselle,Breinl,75435,lp9u44,ExecutiveClass,Aterrizado
410,Hilarius,Findlater,13955,s2D914,FirstClass,Aterrizado
411,El,Scamp,93244,MBfY56,FirstClass,Demorado
412,Corny,Idell,25537,tugB41,FirstClass,Demorado
413,Jillie,Spaight,86832,kKeq62,ExecutiveClass,En Horario
414,Flori,Crotch,62048,XulH24,EconomyClass,En Horario
415,Libbi,Cater,93501,NG4K77,FirstClass,Demorado
416,Daisy,Staddom,85646,df9T81,EconomyClass,Demorado
417,Geno,Sutch,95861,hMq383,ExecutiveClass,En Vuelo
418,Kati,Blest,38608,sOx078,EconomyClass,En Horario
419,Wally,Cozins,31171,sUjG66,EconomyClass,Aterrizado
420,Elijah,Plampin,79601,BZGD49,EconomyClass,En Horario
421,Rogers,Goldin,63839,BW7g58,EconomyClass,En Horario
422,Shara,Cauderlie,16843,LVE276,EconomyClass,En Vuelo
423,Cammie,Crebbin,96609,YY7h68,FirstClass,Aterrizado
424,Anna-diane,Bernakiewicz,53171,lBjY83,ExecutiveClass,En Horario
425,Laryssa,Leah,89512,BFFG58,ExecutiveClass,En Horario
426,Maison,Sheryne,16382,x73488,FirstClass,En Horario
427,Ninetta,Iacofo,57005,wCYk31,EconomyClass,Demorado
428,Alfredo,Bispo,12528,f8Qu99,ExecutiveClass,Demorado
429,Vivyanne,Mazzilli,33992,jup981,FirstClass,En Vuelo
430,Katleen,Spurge,91606,6jgS80,EconomyClass,Aterrizado
431,Egbert,Skayman,41418,3NRf38,ExecutiveClass,Demorado
432,Jemmie,Mundell,22407,NGRK35,FirstClass,En Vuelo
433,Lenore,Evennett,42749,0Cde97,FirstClass,Demorado
434,Sada,Island,50147,yaJC04,EconomyClass,Aterrizado
435,Seana,McMakin,56376,iCzC65,ExecutiveClass,En Vuelo
436,Blondie,Hewlings,50306,YrNq49,ExecutiveClass,Aterrizado
437,Farrah,Le Fevre,97420,7MIc52,EconomyClass,En Vuelo
438,Emlynne,Essel,96384,0PYa20,EconomyClass,En Horario
439,Stearn,Tomblin,52254,PHeP53,ExecutiveClass,En Vuelo
440,Daryl,Yemm,84454,HsQK27,EconomyClass,Aterrizado
441,Cathy,Humpherson,11354,roVl57,ExecutiveClass,En Horario
442,Laverne,Kolakowski,87227,BVfn76,EconomyClass,Demorado
443,Basil,Doncaster,50355,F0pp32,EconomyClass,En Vuelo
444,Gale,Madgewick,95255,XCzB21,FirstClass,Demorado
445,Gloriane,Calam,41296,hI1O12,ExecutiveClass,Aterrizado
446,Mannie,Landsman,12749,smYG19,EconomyClass,En Horario
447,Rodolph,Deluze,32270,ingr76,FirstClass,Aterrizado
448,Mommy,Whitley,50256,5cQq13,EconomyClass,Aterrizado
449,Estella,Ghirigori,69564,prGo45,FirstClass,Demorado
450,Grover,Trotter,70969,rw9c32,FirstClass,Aterrizado
451,Ralina,Belton,92465,bBXA40,FirstClass,En Horario
452,Kara,Biggen,65388,GGIe56,FirstClass,En Vuelo
453,Anya,Dasent,38907,VYwb07,EconomyClass,En Vuelo
454,Hermine,Forty,22075,40rS10,ExecutiveClass,Aterrizado
455,Elysha,Phoenix,58457,ZOM101,FirstClass,Demorado
456,Bridget,Dealtry,13996,Pi5090,FirstClass,Aterrizado
457,Giuseppe,Habbergham,89736,Nbhe25,FirstClass,En Horario
458,Bonnibelle,Grinishin,61596,gW6n38,EconomyClass,En Horario
459,Pip,Oseland,14400,Wcaj22,EconomyClass,En Vuelo
460,Budd,McGreary,87742,I5RK65,FirstClass,Aterrizado
461,Dante,O'Glessane,88682,LTLf43,EconomyClass,En Vuelo
462,Horatio,Topley,14415,51ZX30,ExecutiveClass,Aterrizado
463,Killian,Drewell,73772,JY6p03,FirstClass,Aterrizado
464,Wilhelmina,Shorter,27457,cMzB73,ExecutiveClass,Demorado
465,Shalna,Brumfitt,98415,wgAb28,ExecutiveClass,En Horario
466,Derward,De Normanville,21291,8EKt70,EconomyClass,Demorado
467,Wylma,Winram,26827,WzQf76,FirstClass,Aterrizado
468,Raoul,Fraanchyonok,64328,cmUg82,FirstClass,En Horario
469,Dorette,Eglaise,52451,rKQ058,FirstClass,En Vuelo
470,Faulkner,Sissland,80980,Ts5w73,FirstClass,En Vuelo
471,Annissa,Knott,85338,yNhD73,FirstClass,Aterrizado
472,Kylie,Alfonzo,65670,fKky93,FirstClass,Demorado
473,Moritz,Le Page,84357,rBV973,ExecutiveClass,En Vuelo
474,Zacharia,Ledgeway,20613,CP6K29,EconomyClass,En Horario
475,Scotty,Tinwell,22516,iGSC63,FirstClass,Demorado
476,Falito,Ottewill,88131,8Bv436,ExecutiveClass,Aterrizado
477,Annaliese,Muldownie,54435,wV0g72,EconomyClass,En Horario
478,Heddi,Trounce,96452,aI3d67,FirstClass,Demorado
479,Ingaborg,Raistrick,45893,hkRn58,ExecutiveClass,Aterrizado
480,Kore,Hutt,48264,cuuB19,ExecutiveClass,En Vuelo
481,Llewellyn,Burroughes,19903,RH1z30,FirstClass,Aterrizado
482,Carri,Eilers,94480,9EeU10,ExecutiveClass,En Vuelo
483,Clari,Gimert,37656,G52L57,EconomyClass,En Vuelo
484,Morse,Fludgate,60436,Xdvm79,ExecutiveClass,En Vuelo
485,Merna,Boschmann,39041,s5VF36,ExecutiveClass,En Horario
486,Delinda,Masham,78563,nADc49,ExecutiveClass,Demorado
487,Olenolin,Jentin,69981,lghb50,EconomyClass,En Vuelo
488,Fidelia,Dimmer,26641,Mzo518,FirstClass,Demorado
489,Roma,Giacobelli,12463,y5Hf53,ExecutiveClass,Aterrizado
490,Kristien,MacFaul,41021,lY6O23,EconomyClass,En Horario
491,Dante,Rawsen,47891,bcbC45,ExecutiveClass,Aterrizado
492,Constantia,Clutten,30870,rpSs10,ExecutiveClass,En Horario
493,Betteanne,Bennett,16854,i4ZJ06,FirstClass,Demorado
494,Cyrus,O'Giany,55825,Jsi600,FirstClass,Aterrizado
495,Violette,Laffling,90699,PZPp94,FirstClass,Aterrizado
496,Tito,Butt Gow,18760,FdXI12,FirstClass,Demorado
497,Jasmin,Skynner,49789,IT6H22,FirstClass,Demorado
498,Doy,Everal,22961,Oid504,EconomyClass,Aterrizado
499,Karlotte,Deeman,15276,Zi0X80,EconomyClass,Aterrizado
500,Cly,Camelia,24153,qUgx74,FirstClass,En Vuelo
501,Doreen,Greenset,46320,2WTe35,EconomyClass,Demorado
502,Maryellen,Brindley,27908,ZzRg89,EconomyClass,En Horario
503,Brook,Sinderland,12780,F42F10,EconomyClass,En Horario
504,Hewet,Brennans,66860,Z6ie46,EconomyClass,Aterrizado
505,Phillida,Ioselev,92659,VXx355,EconomyClass,Demorado
506,Trent,Sheehy,22115,FrgP73,FirstClass,En Vuelo
507,Kasey,Showers,59006,ir8e34,FirstClass,Demorado
508,Elia,McLarens,50963,ttzJ28,EconomyClass,En Vuelo
509,Bernie,Emmanuel,47945,3R4C72,EconomyClass,Aterrizado
510,Garrett,Knee,46900,jG5m13,EconomyClass,Aterrizado
511,Natassia,Ruffell,74671,DL0A61,ExecutiveClass,Aterrizado
512,Iona,Pietsma,32757,GDR216,EconomyClass,Demorado
513,Timothea,Crocetto,97232,4KZc01,EconomyClass,Demorado
514,Samuele,MacFadin,70989,WRNs51,EconomyClass,Demorado
515,Janene,Caneo,11631,0qVc28,FirstClass,Demorado
516,Britt,Slyne,83083,9FpL89,FirstClass,En Horario
517,Parnell,Hague,93770,RswM63,ExecutiveClass,En Horario
518,Reube,Shakshaft,28564,XCXU48,FirstClass,En Horario
519,Jesse,Brownlow,70265,JTmD62,ExecutiveClass,En Vuelo
520,Franciska,Neale,39914,wcaB37,EconomyClass,En Horario
521,Logan,Tidcombe,83883,pWdf41,EconomyClass,Aterrizado
522,Eydie,Cape,65104,2tsE45,EconomyClass,Demorado
523,Anatole,Shergill,52080,Wxhk45,EconomyClass,En Horario
524,Jordain,Jeeves,54015,hi2K54,EconomyClass,En Vuelo
525,Hilda,Dax,23948,IFrd81,FirstClass,En Vuelo
526,Gui,Haseman,21303,QcvJ37,FirstClass,En Horario
527,Bunni,Luten,25246,9bzO68,EconomyClass,En Vuelo
528,Kyle,Myton,41064,Sq2a13,FirstClass,En Vuelo
529,Theodora,Steet,57467,TWsr25,FirstClass,Demorado
530,Vidovik,Askaw,72718,YtTF33,FirstClass,Demorado
531,Tiphany,Luney,76878,37ey79,FirstClass,Demorado
532,Alvin,Danilchik,22061,b9in92,ExecutiveClass,Aterrizado
533,Russell,Peschke,69506,AUto03,EconomyClass,Demorado
534,Sawyer,Cutmore,54194,yTxK41,ExecutiveClass,En Horario
535,Halley,Churchyard,79868,SIVW39,ExecutiveClass,Aterrizado
536,Sheri,Roostan,80468,pobr36,FirstClass,Aterrizado
537,Elianore,Bovis,22409,5Eye42,EconomyClass,Demorado
538,Val,Ghelarducci,65702,rV0740,EconomyClass,Aterrizado
539,Freda,Gregorowicz,55873,XgbU46,ExecutiveClass,Aterrizado
540,Humbert,Clancy,56817,HVVr76,FirstClass,En Vuelo
541,Cloris,Odo,50019,XKLL10,ExecutiveClass,En Vuelo
542,Bennie,Beeton,50784,Z2vK38,FirstClass,Demorado
543,Nye,Lipson,53294,556b81,ExecutiveClass,En Horario
544,Benn,Drinkwater,86722,8hEt54,FirstClass,En Vuelo
545,Alano,Gillet,18918,4rQO40,FirstClass,En Horario
546,Germayne,Mashro,38184,RzH631,FirstClass,En Vuelo
547,Ethyl,Trodler,10700,2GEE99,FirstClass,Aterrizado
548,Corrianne,Sherborne,28736,jX1X12,ExecutiveClass,En Horario
549,Goldia,Wackly,11439,3Ij871,EconomyClass,En Vuelo
550,Ludwig,Dunniom,46017,1JYd92,ExecutiveClass,Aterrizado
551,Josepha,Rixon,39552,gcmq37,EconomyClass,Aterrizado
552,Margaret,Liddall,14825,F1Ip69,ExecutiveClass,En Vuelo
553,Lamont,Rolfini,24006,Dcd904,EconomyClass,En Vuelo
554,Jennie,Whorf,77483,GevY62,ExecutiveClass,Aterrizado
555,Kurt,Dallyn,81802,iYGV46,EconomyClass,Aterrizado
556,Grace,Upchurch,50429,OmI537,EconomyClass,Aterrizado
557,Spike,Euels,55885,kYR175,FirstClass,En Vuelo
558,Walliw,Sacher,56682,RXNT75,ExecutiveClass,En Vuelo
559,Sam,Cavaney,55275,5sWm14,EconomyClass,Demorado
560,Andi,Mitskevich,88109,VKSw06,FirstClass,En Horario
561,Amandie,Craw,31441,n3tI90,FirstClass,Aterrizado
562,Hedvige,Slocombe,60147,LQT393,EconomyClass,En Horario
563,Valaria,Hempel,62823,lHn419,ExecutiveClass,Demorado
564,Doe,O'Mannion,48353,LLiE51,EconomyClass,En Horario
565,Meggi,Filipczynski,43331,n8r698,FirstClass,Demorado
566,Meara,Nesbit,95881,rfRs77,EconomyClass,Demorado
567,Halli,Harber,25620,ZvuY02,EconomyClass,Demorado
568,Kerrill,Bails,92070,yogZ52,EconomyClass,En Horario
569,Tabbitha,Carles,26070,HGGV97,ExecutiveClass,En Vuelo
570,Nobie,Kobierra,62235,vMTU83,ExecutiveClass,Aterrizado
571,Giacinta,Praill,29268,10dQ73,EconomyClass,En Horario
572,Prudi,Pilbury,81739,3Va328,ExecutiveClass,En Vuelo
573,Minni,Tillman,56839,Kq2Y34,EconomyClass,Demorado
574,Burch,Brazer,87547,FudN81,EconomyClass,Demorado
575,Hilde,Keedwell,22387,UO7S80,ExecutiveClass,En Vuelo
576,Sergei,Christian,39389,tPlF06,EconomyClass,Aterrizado
577,Charmaine,Farfolomeev,32003,zWG905,ExecutiveClass,Demorado
578,Vale,Buret,72564,8JaN70,EconomyClass,En Horario
579,Dar,Kubista,10166,MO1G69,ExecutiveClass,En Vuelo
580,Raimund,Hardern,71931,Dafs51,EconomyClass,Demorado
581,Aymer,Housego,48115,yWaS69,FirstClass,Demorado
582,Ashien,Macenzy,47020,Rmro47,EconomyClass,Aterrizado
583,Harlene,Solly,81629,Zpd590,EconomyClass,Demorado
584,Sydel,Slyford,25177,j8il29,FirstClass,En Horario
585,Chadwick,Busher,36364,Ym8J82,ExecutiveClass,En Vuelo
586,Alla,Mustchin,33931,WCto62,FirstClass,Demorado
587,Quill,Sparham,42854,IhHA85,FirstClass,Aterrizado
588,Sapphira,Nerney,42111,ReEh41,EconomyClass,En Vuelo
589,Cindi,McGourty,27489,Jmv545,ExecutiveClass,Aterrizado
590,Luelle,Pitcher,91851,Yshl63,EconomyClass,En Vuelo
591,Keary,How,51573,uoxw37,FirstClass,En Vuelo
592,Imogen,Dutt,87467,rOfg61,FirstClass,Aterrizado
593,Corabella,Lievesley,96655,peLB46,FirstClass,En Vuelo
594,Bart,Minci,77742,ElH030,EconomyClass,En Horario
595,Valaree,Fink,98261,ELnT41,FirstClass,En Vuelo
596,Rafi,Flecknoe,57494,caxh21,ExecutiveClass,Aterrizado
597,Brittany,Coaker,90914,opnA91,FirstClass,Demorado
598,Graham,Catt,97531,nqm415,FirstClass,Aterrizado
599,Mozelle,Duffell,85997,xYLh26,FirstClass,Aterrizado
600,Berna,Coltart,32326,tilq50,EconomyClass,En Horario
601,Ellyn,Shilston,76659,A7vP08,ExecutiveClass,Demorado
602,Leland,Chugg,43561,fuu292,FirstClass,Demorado
603,Ruthy,Pitkaithly,35078,Nkp530,EconomyClass,En Vuelo
604,Lemuel,Peel,53920,tpYs46,ExecutiveClass,En Vuelo
605,Vivia,Rand,58183,7zty40,ExecutiveClass,Demorado
606,Prentiss,Morgans,67712,HABn14,ExecutiveClass,Aterrizado
607,Yettie,Bovaird,39687,W11697,ExecutiveClass,Demorado
608,Renae,Falconer-Taylor,76028,oI4r80,ExecutiveClass,En Horario
609,Ros,Angeau,46606,5HBf65,FirstClass,En Vuelo
610,Karee,Tessyman,18021,nCSw44,ExecutiveClass,Demorado
611,Bern,Berrisford,79712,mtxM64,EconomyClass,En Horario
612,Ayn,Gartside,51102,CBo317,EconomyClass,En Vuelo
613,Trudy,Chittim,80815,T9D591,EconomyClass,En Horario
614,Zandra,Seint,43787,oFxO78,EconomyClass,Demorado
615,Hallie,Antognetti,92517,Qj2s02,ExecutiveClass,Demorado
616,Dido,Uebel,75953,hflL25,FirstClass,Aterrizado
617,Caitrin,Vaskov,30918,gRSp53,EconomyClass,Demorado
618,Adam,Durrad,88859,wNrB33,EconomyClass,En Vuelo
619,Torie,Hawksby,62045,8wW082,ExecutiveClass,Aterrizado
620,Avril,Rubury,30687,Lm6u04,EconomyClass,Aterrizado
621,Tamera,Breeton,85163,FsCu71,FirstClass,En Vuelo
622,Jayme,Toffolo,96514,ziHY75,FirstClass,Demorado
623,Nicki,Mattingley,24141,XCWP10,ExecutiveClass,En Vuelo
624,Suzann,Trippitt,79650,z08720,EconomyClass,En Vuelo
625,Urbanus,Gerdts,11108,jKTc86,FirstClass,En Vuelo
626,Briana,Crowcroft,88802,UNoA80,FirstClass,Aterrizado
627,Maximilien,Kainz,76419,ruMD62,FirstClass,En Vuelo
628,Cally,Ruit,76658,6vUT45,FirstClass,Demorado
629,Cassius,Garaway,68607,qY5B01,FirstClass,En Vuelo
630,Elysha,Blinckhorne,57933,xloy06,ExecutiveClass,Demorado
631,Batsheva,Van de Velde,40954,gl6h97,EconomyClass,Demorado
632,Thadeus,Bagnall,72844,OxXT05,ExecutiveClass,En Vuelo
633,Jillana,Ramble,81702,KvHx57,FirstClass,Demorado
634,Brok,Shank,62414,BQhO70,EconomyClass,Aterrizado
635,Boyd,Lindholm,23343,RwWE21,EconomyClass,Demorado
636,Ariela,Kingscott,79847,lFHp15,EconomyClass,En Vuelo
637,Alberik,Falls,16722,O6oH67,EconomyClass,Demorado
638,Jakob,McElwee,51913,E5pQ16,ExecutiveClass,En Horario
639,Vince,Blakesley,27680,bzra96,ExecutiveClass,Demorado
640,Eldon,Galer,65142,Mwnd14,ExecutiveClass,Aterrizado
641,Jania,Throssell,11925,m73W42,EconomyClass,Demorado
642,Luciano,Duddy,16215,5LSu65,FirstClass,En Horario
643,Bren,Byre,54140,gGa295,ExecutiveClass,Demorado
644,Bette,Janecki,73192,V5O467,EconomyClass,Demorado
645,Penni,MacAnespie,81667,oJJW96,ExecutiveClass,En Horario
646,Kurt,Hazle,79314,dfwj45,FirstClass,En Vuelo
647,Wilmer,Scaddon,91243,Zaj971,FirstClass,En Horario
648,Patricio,Hyslop,80449,NYTB32,FirstClass,Demorado
649,Inesita,Dureden,58317,D46e70,EconomyClass,Demorado
650,Mortimer,Chazier,68901,fgsD21,EconomyClass,En Horario
651,Brock,Locks,57729,BwsR25,ExecutiveClass,Aterrizado
652,Janet,Swindle,96588,mwAZ45,ExecutiveClass,Aterrizado
653,Eugen,Darrach,80626,hR6y22,ExecutiveClass,Aterrizado
654,Renate,Drewson,70847,SMjV73,FirstClass,Aterrizado
655,Pennie,Guiducci,53620,S9eX86,EconomyClass,En Vuelo
656,Ryley,Lethby,51293,2pd104,FirstClass,En Vuelo
657,Marvin,Climar,83812,g4cd61,EconomyClass,Demorado
658,Clem,Catchpole,11362,PUOg54,EconomyClass,Aterrizado
659,Homerus,Consterdine,78279,6QkQ58,FirstClass,En Horario
660,Nestor,Feechum,85874,BAeX69,FirstClass,Demorado
661,Bradney,Simmon,38407,LHCh01,EconomyClass,En Horario
662,Chrissy,Glanz,84206,g7vD57,EconomyClass,Aterrizado
663,Jacquie,Corain,22067,H14054,FirstClass,Aterrizado
664,Lannie,Mousby,38077,qinz29,EconomyClass,Demorado
665,Corny,Derricoat,20500,uW6z12,EconomyClass,En Horario
666,Noel,Flatt,86982,T4jn05,FirstClass,En Vuelo
667,Alic,Cissen,11469,z8MF21,EconomyClass,Demorado
668,Elnar,Tappor,26254,e9JW18,EconomyClass,En Horario
669,Judy,Keay,15802,POMR89,ExecutiveClass,En Vuelo
670,Tobe,Forsythe,35115,JgDI02,ExecutiveClass,En Vuelo
671,Edgar,Pilgrim,16491,ei7t69,FirstClass,Demorado
672,Fancie,Chainey,63181,pL9D27,EconomyClass,En Vuelo
673,Holmes,MacQuarrie,80270,ZYBK32,FirstClass,Aterrizado
674,Dulci,Bostock,83037,FTnJ10,FirstClass,En Horario
675,Sibella,Petworth,58349,aoYu23,FirstClass,Aterrizado
676,Wilfrid,Lunt,87764,xgkS48,ExecutiveClass,Aterrizado
677,Kissee,Pruckner,79157,co5f84,ExecutiveClass,En Horario
678,Pammie,Monksfield,40517,5PBm14,FirstClass,En Vuelo
679,Anny,Cosyns,57530,OZRo69,FirstClass,Aterrizado
680,Ava,Blackaller,97693,kn4e50,ExecutiveClass,Demorado
681,Timmy,Diehn,95880,6VJA95,FirstClass,En Horario
682,Fan,Bodicum,43058,M6mU38,ExecutiveClass,Demorado
683,Johnnie,Stoade,66749,wpXO23,EconomyClass,Demorado
684,Valry,Minear,60587,vrQ828,EconomyClass,En Vuelo
685,Mortie,Kubek,91787,GEMY63,ExecutiveClass,En Vuelo
686,Enrichetta,Simister,28801,gBq079,EconomyClass,Demorado
687,Earle,Missen,73826,DpaW40,EconomyClass,En Vuelo
688,Meaghan,MacLaughlin,86710,XiMD25,FirstClass,En Vuelo
689,Dale,Heyball,42306,2Spo00,EconomyClass,En Vuelo
690,Codi,Dodding,55381,aoNm20,FirstClass,En Horario
691,Udale,Molder,91494,WQRQ26,EconomyClass,Demorado
692,Joseph,Roos,97621,MP0u03,ExecutiveClass,Aterrizado
693,Powell,Boodell,34380,PlKP96,ExecutiveClass,En Horario
694,Binky,Willes,69649,H87B76,EconomyClass,En Horario
695,Bobby,Cleynman,16855,vRmR83,EconomyClass,Demorado
696,Wendall,Conner,96381,0smw44,FirstClass,En Horario
697,Thaine,Whetton,74840,tedY23,EconomyClass,En Horario
698,Felizio,Nower,45181,34vW74,FirstClass,En Horario
699,Trudi,Jiroutek,32738,AsZM32,FirstClass,En Horario
700,Madelena,Avrashin,18032,6Ubt49,ExecutiveClass,Demorado
701,Broderic,Gonning,25148,uKBy48,FirstClass,En Horario
702,Charline,Leopold,33276,ot2D22,EconomyClass,En Vuelo
703,Dorry,Jeggo,44431,1dkm70,EconomyClass,En Vuelo
704,Libbey,Kupis,56533,KbtJ54,EconomyClass,Aterrizado
705,Angie,Tattersill,50195,JMq684,FirstClass,Demorado
706,Gabriela,Thiese,71103,lwkz97,EconomyClass,Aterrizado
707,Stepha,Ethridge,58474,tDhj84,FirstClass,En Vuelo
708,Courtenay,Kelsow,90814,P3MK22,FirstClass,Aterrizado
709,Ferris,Mumm,11420,a2DT88,FirstClass,Demorado
710,Hasheem,Ault,51552,sWXv71,FirstClass,Aterrizado
711,Stafani,Groombridge,34979,AvBR71,EconomyClass,Demorado
712,Duke,Heis,80276,HWeg18,FirstClass,En Vuelo
713,Ame,Maior,77155,UiYt97,ExecutiveClass,Demorado
714,Jeana,Reneke,93405,fjPq45,EconomyClass,Demorado
715,Kial,Scaddon,47479,WVZA44,ExecutiveClass,Aterrizado
716,Elna,McQuin,94656,NIE124,ExecutiveClass,En Horario
717,Conrad,Outerbridge,19988,JzIk55,FirstClass,En Horario
718,Shane,Cathery,83258,OUi928,ExecutiveClass,En Horario
719,Danni,Shortall,61659,k5WL77,ExecutiveClass,Aterrizado
720,Hale,Hartell,89762,RemB14,FirstClass,Aterrizado
721,Delmore,Muffitt,26363,RHn168,FirstClass,Demorado
722,Ahmed,McCoid,58095,1xHr69,EconomyClass,En Horario
723,Alison,Julyan,79319,3ns037,ExecutiveClass,Demorado
724,Gussie,Caldero,98949,7x6g53,FirstClass,Demorado
725,Porty,Plaschke,31258,rMfr58,FirstClass,Aterrizado
726,Zorah,Rizzelli,88343,dfio28,ExecutiveClass,En Vuelo
727,Meagan,Lanaway,79102,ydDR18,ExecutiveClass,En Vuelo
728,Faina,Crossdale,54451,PZsP37,ExecutiveClass,Aterrizado
729,Rutledge,Gabriely,23365,oITF06,FirstClass,Demorado
730,Aland,Newsome,57831,vSS682,EconomyClass,En Vuelo
731,Tucky,Lidgely,85038,O3ER40,EconomyClass,En Vuelo
732,Malchy,Piatto,85584,zTLS08,EconomyClass,En Vuelo
733,Elvyn,Shreeve,56595,RCds41,EconomyClass,Aterrizado
734,Wolfgang,Wickrath,49545,E9le26,EconomyClass,Aterrizado
735,Ashleigh,Iacovolo,17790,QQck49,EconomyClass,Demorado
736,Xylia,Player,68426,mOxI23,EconomyClass,Aterrizado
737,Kerstin,Streatfield,13813,lMjd03,FirstClass,En Horario
738,Cody,Yelding,84946,KCqw17,ExecutiveClass,Aterrizado
739,Rees,O'Fihily,58363,yqI793,ExecutiveClass,Demorado
740,Damian,Bougen,66683,qW9y70,EconomyClass,En Horario
741,Kerk,Bentsen,38451,6a4713,ExecutiveClass,Demorado
742,Clari,Pilgrim,25329,KmBK54,EconomyClass,En Vuelo
743,Lynea,Heustice,67042,EZc846,FirstClass,Aterrizado
744,Rudie,Sonner,62501,Wdvq65,FirstClass,Demorado
745,Vic,Rizzo,63512,Z0PI96,FirstClass,Aterrizado
746,Liliane,Huge,46491,Cs5300,ExecutiveClass,Aterrizado
747,Nevsa,Fildes,30942,k0G702,ExecutiveClass,Demorado
748,Fernande,Hambribe,83541,eukA95,EconomyClass,Aterrizado
749,Winfred,Cancott,59973,vn3P86,FirstClass,Demorado
750,Dredi,Hockey,41063,OBq238,EconomyClass,Aterrizado
751,Olva,Corrett,69558,PeMU02,FirstClass,Demorado
752,Jerrome,Portchmouth,13410,blfa91,FirstClass,En Horario
753,Far,Rowcliffe,90630,F69n99,ExecutiveClass,En Horario
754,Marmaduke,Ellor,96328,6Kr519,EconomyClass,En Horario
755,Henriette,Trenouth,63424,1DET44,EconomyClass,En Vuelo
756,Alexandra,Hars,78380,YVrU67,FirstClass,Demorado
757,Court,Jopson,14295,zHS120,FirstClass,En Vuelo
758,Petronia,Follan,55565,udNz28,ExecutiveClass,En Vuelo
759,Randee,Basler,95904,xK5i84,FirstClass,En Vuelo
760,Toddie,Finlan,81360,sSTg28,ExecutiveClass,Aterrizado
761,Gilli,Iacovozzo,97215,5gKb02,FirstClass,En Vuelo
762,Aldric,Beakes,17575,cBMB46,ExecutiveClass,Demorado
763,Barby,Balle,73769,RAXb07,ExecutiveClass,En Horario
764,Kittie,Kiehne,17321,d9aj51,EconomyClass,Aterrizado
765,Catina,Brugger,86504,j0tY18,EconomyClass,En Vuelo
766,Kathrine,Vause,34215,OzqM96,EconomyClass,En Vuelo
767,Carr,Riveles,17477,k8H033,FirstClass,Demorado
768,Loralee,Perrone,91743,TwtI64,ExecutiveClass,En Vuelo
769,Howard,Rennicks,25229,0SF038,FirstClass,Demorado
770,Quintilla,Limprecht,33760,8hHe78,ExecutiveClass,Aterrizado
771,Natalina,Daniellot,78818,mwtb26,FirstClass,Aterrizado
772,Hortensia,Fayerbrother,28130,1Avo37,EconomyClass,En Vuelo
773,Viviana,Vasichev,39870,KhZ749,ExecutiveClass,En Vuelo
774,Joelie,Maharey,48504,ivl289,EconomyClass,En Horario
775,Niki,Duckers,45247,8FYx19,FirstClass,En Vuelo
776,Clyde,Dodsley,41090,fyKa02,ExecutiveClass,Demorado
777,Lyman,Ensor,13175,bhKE12,ExecutiveClass,Aterrizado
778,Sayre,Szachniewicz,95634,qOOc60,EconomyClass,En Vuelo
779,Saxe,Weeke,94842,PN3K95,FirstClass,En Vuelo
780,Virgie,Guwer,97013,qCnO98,EconomyClass,En Horario
781,Adan,Sherar,73030,DC8A71,ExecutiveClass,Aterrizado
782,Diahann,Mordue,18770,dL4t31,FirstClass,Aterrizado
783,Blondie,Paulazzi,37431,IIPc68,FirstClass,En Vuelo
784,Kaylee,Lummus,77735,dgti20,ExecutiveClass,Aterrizado
785,Dalis,Arnald,48176,YhOz24,FirstClass,En Horario
786,Janessa,Offield,47711,O0sV60,ExecutiveClass,En Vuelo
787,Feliza,Deely,54673,OM2216,EconomyClass,Demorado
788,Lawry,Hearley,33913,5hyU71,ExecutiveClass,Aterrizado
789,Tarrah,Darracott,91763,ELSg92,FirstClass,En Vuelo
790,Fernande,Mossman,22755,YUR836,EconomyClass,Aterrizado
791,Eyde,Coode,36004,CLnl70,ExecutiveClass,En Vuelo
792,Raven,Hiner,31452,sSW158,ExecutiveClass,En Horario
793,Ferrell,Nasey,55265,8M1Z28,ExecutiveClass,En Horario
794,Jan,Itschakov,66957,PjPn52,FirstClass,Demorado
795,Chadd,Rummins,24180,LKEZ43,ExecutiveClass,En Horario
796,Earl,Simonou,39360,96L205,ExecutiveClass,Aterrizado
797,Devin,Domanski,32485,GOv835,FirstClass,En Horario
798,Laurie,Ropp,58490,nfTi83,ExecutiveClass,Demorado
799,Salome,Brumpton,60252,jc2G68,FirstClass,Demorado
800,Travus,Scyner,31455,LnPk80,EconomyClass,Demorado
801,Mimi,Kezourec,69250,sUG358,FirstClass,En Horario
802,Brigida,Zorer,13749,1nPI37,FirstClass,En Horario
803,Griffie,Amerighi,54482,hlBm47,ExecutiveClass,En Vuelo
804,Riane,Showell,74631,u4Wx19,EconomyClass,Aterrizado
805,Egon,Points,40525,2QLp93,FirstClass,En Vuelo
806,Enrichetta,Como,67492,Q92o31,ExecutiveClass,Demorado
807,Chester,Crutch,21029,3WxH53,EconomyClass,Demorado
808,Mendy,Drew,31573,M7tu33,ExecutiveClass,En Vuelo
809,Nickie,Gunby,10599,ZL3p17,FirstClass,Demorado
810,Correy,Peschmann,35096,cofd79,EconomyClass,En Vuelo
811,Ryann,McGiffie,59448,o1ps68,FirstClass,Aterrizado
812,Jaquenetta,Ainger,11905,kN5G18,EconomyClass,Demorado
813,Andie,Glewe,83124,K2qQ29,EconomyClass,Demorado
814,Jaimie,Louden,91961,hYwf69,FirstClass,Demorado
815,Aubree,Wratten,31313,Dvam41,ExecutiveClass,Aterrizado
816,Elinor,Nowlan,33377,biro55,EconomyClass,Demorado
817,Dolores,Kamenar,94227,oYDM43,FirstClass,En Vuelo
818,Frederic,Gaudin,23460,ldvY42,FirstClass,Demorado
819,Demetris,Bairstow,13940,mCES41,ExecutiveClass,Demorado
820,Edy,Thomas,62021,h66U03,ExecutiveClass,Demorado
821,Ira,Eaves,24578,qiLr78,EconomyClass,En Horario
822,Zabrina,Redit,98095,Bmis32,ExecutiveClass,En Horario
823,Lewie,Zanelli,79703,asJ903,FirstClass,En Horario
824,Feliks,Sealeaf,44979,lHpq84,FirstClass,Demorado
825,Tris,Tyzack,77711,Cq4F89,ExecutiveClass,En Vuelo
826,Denver,Stirtle,58775,s4ki41,EconomyClass,En Horario
827,Anette,Amthor,21197,SxUV62,FirstClass,Aterrizado
828,Karon,Stern,46844,ukYx11,ExecutiveClass,En Horario
829,Deborah,Brimicombe,72872,vpQR35,FirstClass,En Vuelo
830,Katerina,Shutte,14888,8k8C98,ExecutiveClass,Demorado
831,Glory,Baistow,83187,QUJm79,EconomyClass,Demorado
832,Marita,Dimitresco,63130,SPbk48,EconomyClass,En Vuelo
833,Lee,Falco,84422,IFx173,EconomyClass,Aterrizado
834,Fitzgerald,Aymes,43324,mOCP79,ExecutiveClass,Demorado
835,Minor,Ingleby,78031,HgGB72,ExecutiveClass,En Vuelo
836,Natale,Hallam,44403,OoqS02,EconomyClass,Demorado
837,Lilla,Delue,53731,cAuy96,ExecutiveClass,En Horario
838,Damien,Sommerling,65011,sWsz11,ExecutiveClass,En Horario
839,Britteny,Fryers,56976,6nmG32,EconomyClass,Demorado
840,Stanislaus,Crewdson,39152,q0ep26,EconomyClass,Demorado
841,Lora,Attack,85480,Sq7z95,ExecutiveClass,Aterrizado
842,Binky,Whapples,63081,jutH90,FirstClass,Demorado
843,Iris,Conradie,69688,iodl80,ExecutiveClass,Aterrizado
844,Benjamen,Graham,13164,WlQs40,ExecutiveClass,Demorado
845,Olivero,Jayne,95376,OjeA00,EconomyClass,Demorado
846,Drew,Marlon,61432,U7RM61,FirstClass,En Vuelo
847,Hamlin,Darwent,64125,11bP92,EconomyClass,Demorado
848,Eugenia,Trumble,38497,SUXo10,ExecutiveClass,En Vuelo
849,Mildrid,Swendell,28943,bRg796,ExecutiveClass,Aterrizado
850,Coral,Grunguer,95453,eInM79,FirstClass,En Horario
851,Conney,Panter,73820,4wuF17,ExecutiveClass,Demorado
852,Iver,Tibb,76853,hcaU53,ExecutiveClass,Demorado
853,Kenny,Nickolls,80041,01el18,FirstClass,Aterrizado
854,Rowney,Gilkes,22327,TPRV40,ExecutiveClass,En Horario
855,Merlina,Blaksland,38892,lAVn10,ExecutiveClass,En Vuelo
856,Zebulen,Oxe,76361,PzEs63,EconomyClass,Demorado
857,Octavius,Iacavone,44288,0Rwd03,FirstClass,En Horario
858,Tiff,Clynmans,31253,Jcys32,FirstClass,Aterrizado
859,Flossy,Illyes,45269,cfRH37,EconomyClass,En Vuelo
860,Malory,Frisel,20166,cyCr37,FirstClass,Aterrizado
861,Shalne,Rozenbaum,73211,naXn97,EconomyClass,Aterrizado
862,Iorgo,Vearnals,34768,INe331,ExecutiveClass,En Vuelo
863,Petrina,Casassa,34845,h9ZA03,EconomyClass,Demorado
864,Hurleigh,Perago,10797,tTbf82,FirstClass,Demorado
865,Bogart,Diche,61053,r1dj29,EconomyClass,Demorado
866,Darell,de'-Ancy Willis,65733,xBDh55,ExecutiveClass,Demorado
867,Trey,Thulborn,83438,B6OI36,FirstClass,En Horario
868,Elmer,Gilphillan,22096,F4S832,EconomyClass,En Vuelo
869,Tyrus,Eaden,38391,FEWU22,ExecutiveClass,En Horario
870,Jacquetta,Springle,16381,7HEY49,ExecutiveClass,En Vuelo
871,Far,Sansom,45182,avvz95,EconomyClass,Aterrizado
872,Waly,Fergusson,71548,jmuU25,FirstClass,En Horario
873,Denny,Sabine,73670,wAxy45,FirstClass,Aterrizado
874,Constantino,Donovin,62661,uQcJ56,ExecutiveClass,Aterrizado
875,Melli,Hoolaghan,34543,WA5v52,ExecutiveClass,Aterrizado
876,Bram,Wild,41341,dzsf03,ExecutiveClass,En Vuelo
877,Al,Purcer,90010,vX7582,ExecutiveClass,Aterrizado
878,Letty,Baggot,79488,IjXl06,ExecutiveClass,Demorado
879,Marielle,Rosenau,98096,D64908,ExecutiveClass,En Horario
880,Emelen,Kenworth,41621,Bmfd79,ExecutiveClass,En Horario
881,Donnie,Formigli,68082,gkS864,EconomyClass,En Vuelo
882,Tedmund,Stirtle,80603,Ss6p92,FirstClass,Demorado
883,Lanna,Caurah,39591,BNjB98,ExecutiveClass,En Vuelo
884,Erma,Beckingham,72890,Ylbr67,ExecutiveClass,En Horario
885,Kate,Giraldon,12852,eWoU52,EconomyClass,Aterrizado
886,Gaye,Walesa,57473,nkNn93,FirstClass,En Horario
887,Tabbi,Syrie,56646,qoMq16,ExecutiveClass,En Vuelo
888,Godfry,MacLese,91185,ctjr85,EconomyClass,Demorado
889,Clemmy,Phelit,36885,y5ks98,ExecutiveClass,Aterrizado
890,Ellwood,Phateplace,93375,1mfy86,EconomyClass,Demorado
891,Carilyn,Rakestraw,90612,UvgF36,ExecutiveClass,Aterrizado
892,Melony,Cadreman,46771,3YfK46,EconomyClass,Aterrizado
893,Caria,Crimin,90130,OpvV98,EconomyClass,Demorado
894,Anastassia,Matchell,30216,aiqt17,FirstClass,Demorado
895,Ad,Oneal,13925,sKf838,EconomyClass,En Vuelo
896,Darleen,Lidyard,31875,veVK06,EconomyClass,Aterrizado
897,Gusti,De Lorenzo,57850,q9SS08,ExecutiveClass,En Vuelo
898,Kyla,Durrad,67758,tZ1B11,EconomyClass,Demorado
899,Chance,Dacres,93436,fCf974,EconomyClass,Aterrizado
900,Beauregard,Tolchar,70651,TPZY28,ExecutiveClass,Demorado
901,Carolin,Cheale,54465,plfS16,FirstClass,Demorado
902,Rois,Ludgrove,11002,uFPg18,ExecutiveClass,En Horario
903,Renell,Bysouth,27503,G7JJ11,ExecutiveClass,En Horario
904,Goldi,Sharpley,58410,0Sf980,ExecutiveClass,Aterrizado
905,Brody,Darrington,88768,EguA86,EconomyClass,En Vuelo
906,Sayer,Colthard,37907,qWAN01,ExecutiveClass,Demorado
907,Louie,Franzetti,73647,Caq861,EconomyClass,Aterrizado
908,Deanne,Johl,62037,jycp48,EconomyClass,En Vuelo
909,Antone,Pauler,74378,rYsX06,FirstClass,Demorado
910,Tildie,Laurenceau,28197,U4rQ02,EconomyClass,En Vuelo
911,Hardy,Domingues,13172,3CFg37,EconomyClass,Aterrizado
912,Priscilla,Toffalo,13742,tAkg50,FirstClass,Demorado
913,Madelin,O'Donovan,12105,Z5QE40,EconomyClass,En Vuelo
914,Darn,Swinnard,63920,7H2f45,EconomyClass,Aterrizado
915,Mendel,Roark,90833,VcyY99,EconomyClass,Aterrizado
916,Tanhya,Daulton,15214,kduX20,EconomyClass,Demorado
917,Ameline,Mousby,74806,f7Lw27,ExecutiveClass,Aterrizado
918,Cordie,McCague,28823,2x7l60,ExecutiveClass,Demorado
919,Kareem,Gladdish,54893,pzqu17,FirstClass,En Horario
920,Lukas,Thibodeaux,52112,UJHF14,ExecutiveClass,En Horario
921,Samaria,Ansteys,57025,Wqf585,EconomyClass,Aterrizado
922,Evered,Coucha,89263,pZgO87,EconomyClass,Demorado
923,Pembroke,Everly,32568,MxWc32,ExecutiveClass,En Horario
924,Broderick,Longworth,66035,liXh64,ExecutiveClass,Demorado
925,Verene,Edowes,42819,P63U66,EconomyClass,Demorado
926,Shelba,McConnal,12683,NJJW48,FirstClass,En Horario
927,Rosita,Hearle,41006,JIID76,ExecutiveClass,En Vuelo
928,Gussy,McGurgan,15369,RmHV06,ExecutiveClass,Demorado
929,Ambrosi,Chrisp,18086,ccz623,FirstClass,Demorado
930,Agnes,Chisholm,75466,07on17,EconomyClass,Aterrizado
931,Gherardo,Jonczyk,93623,7y2E81,FirstClass,Demorado
932,Ermina,Georgescu,16523,BZ5l33,ExecutiveClass,En Vuelo
933,Bord,Tomalin,52537,VBky25,ExecutiveClass,Aterrizado
934,Prudy,Arnett,52297,O5Qt89,EconomyClass,Demorado
935,Price,Kirke,33630,pDqC12,EconomyClass,En Horario
936,Reider,Kilby,40849,RufU33,FirstClass,En Horario
937,Mureil,Bestwick,59595,wCS229,FirstClass,Demorado
938,Boigie,Quinton,69188,0Yo128,EconomyClass,En Vuelo
939,Dita,Clayworth,77275,cnKG42,ExecutiveClass,Demorado
940,Bary,Playden,24159,cLQC81,ExecutiveClass,En Vuelo
941,Isobel,Fayerman,81833,IQr458,ExecutiveClass,En Vuelo
942,Kurt,Roughey,91523,m2nh60,EconomyClass,Demorado
943,Chrysler,Icom,96133,OSUc51,EconomyClass,Aterrizado
944,Margaux,Mathie,91305,GZrs61,FirstClass,Demorado
945,Burnaby,Dennick,34790,z1pl25,FirstClass,En Horario
946,Coralie,Hyndson,64528,khjI57,EconomyClass,Aterrizado
947,Niki,Lumsdale,55113,gR1k18,EconomyClass,Aterrizado
948,Fernande,Hallaways,25177,Ey5j90,FirstClass,Aterrizado
949,Maudie,Tire,59622,JNYP35,EconomyClass,En Vuelo
950,Tatiana,Maude,32258,xrj802,FirstClass,En Vuelo
951,Claudie,Buckoke,87831,kFLB91,EconomyClass,En Horario
952,Tabbitha,Roistone,35919,RdBT21,ExecutiveClass,Demorado
953,Virge,Irdale,18394,z0mv33,ExecutiveClass,Aterrizado
954,Bary,Milstead,75958,Jjrf74,EconomyClass,En Horario
955,Andromache,Pobjay,18013,cxqT18,EconomyClass,Demorado
956,Ravid,Acome,78934,iso860,FirstClass,Demorado
957,Min,Goodred,59760,NxcI28,ExecutiveClass,En Vuelo
958,Chiquita,Friday,56889,SLIM51,ExecutiveClass,En Horario
959,Virgina,Webb,91907,gAh995,FirstClass,Aterrizado
960,Joyann,Munson,23041,zhGA41,FirstClass,Aterrizado
961,Teador,O'Lagene,52281,M9DS41,ExecutiveClass,Aterrizado
962,Olga,Gresswell,84442,PSzN50,EconomyClass,En Horario
963,Kaylil,Hattoe,31585,I1NL77,EconomyClass,En Horario
964,Brandyn,Deftie,98890,pbXE71,ExecutiveClass,Demorado
965,Noach,McGillacoell,67388,FqmD36,FirstClass,Demorado
966,Edie,McMylor,87865,bex462,ExecutiveClass,Demorado
967,Coreen,Egerton,69992,Y7sd27,FirstClass,Demorado
968,Jacky,Haggarth,78034,ZnHy12,EconomyClass,En Horario
969,My,Penhall,74645,jdjy43,EconomyClass,En Horario
970,Gib,Dearn,90878,KLJN10,ExecutiveClass,Demorado
971,Yardley,Dorant,72308,Tqog40,EconomyClass,En Vuelo
972,Bartlet,Wilprecht,40289,1JjM57,FirstClass,Aterrizado
973,Errol,Lepard,54051,5lXQ83,FirstClass,Demorado
974,Elbertina,Elphinston,71144,pnQR81,ExecutiveClass,Demorado
975,Shadow,Bysaker,51458,YodU02,ExecutiveClass,En Horario
976,Vin,Parish,58222,2y8608,ExecutiveClass,Aterrizado
977,Karola,Carine,47959,8nqM56,FirstClass,Aterrizado
978,Penelope,Bummfrey,92463,lZXK94,FirstClass,En Horario
979,Rudolfo,Mandres,63128,wnvR94,ExecutiveClass,En Horario
980,Eryn,Bernot,63783,ACHG42,EconomyClass,Aterrizado
981,Dennie,Shervington,14113,KkFI39,FirstClass,Aterrizado
982,Sidney,Mallord,90751,K1U234,EconomyClass,En Vuelo
983,Mavra,Garvin,32491,LylM69,FirstClass,En Vuelo
984,Grantley,Hatt,51719,Pm0A63,ExecutiveClass,Aterrizado
985,Windy,Brooksbank,37669,lHcJ59,EconomyClass,Demorado
986,Lek,Cordsen,31902,4EcX65,FirstClass,Aterrizado
987,Chrysler,Conen,59633,4MYd54,ExecutiveClass,En Vuelo
988,Garry,Langley,78245,Ebcr58,FirstClass,En Horario
989,Irv,Bim,43751,Ozle53,EconomyClass,Demorado
990,Pernell,Sinkin,14878,BK1v58,FirstClass,En Vuelo
991,Irita,Carnow,18842,upwW61,EconomyClass,En Horario
992,Carmina,Ottiwill,49602,OXUe02,FirstClass,Demorado
993,Simone,Thorby,29730,8QQf22,ExecutiveClass,En Vuelo
994,Merla,Aitchinson,31921,jviS43,FirstClass,Demorado
995,Jake,Desouza,55342,eUal65,FirstClass,En Horario
996,Ronda,Sannes,16753,dmIJ13,FirstClass,Aterrizado
997,Ellie,Treherne,13492,ICup77,ExecutiveClass,Aterrizado
998,Raphael,Kolin,20019,kRNt46,EconomyClass,En Horario
999,Breena,Overy,97451,izst19,ExecutiveClass,Demorado
1000,Jobina,Kiltie,59696,wC3O39,ExecutiveClass,En Vuelo
